,algo,net,n_rounds,K,C,dataset,iid,sha_client,local_epochs,local_batchSize,learning_rate,metrics,gamma,gamma_scheduler
0,rSGD,cnn,50,100,0.1,mnist,True,10,5,10,0.001,"{'train_loss': [0.04049203630946576, 0.030281536560071005, 0.027279431388961772, 0.029351351398167514, 0.02606306392463545, 0.025927832650517423, 0.02141641045374175, 0.013573152174738545, 0.026343675265461202, 0.017517322437589366, 0.01572976142518843, 0.020787946398369967, 0.01326053781726708, 0.01350485442886129, 0.012644177474547177, 0.008306860179640354, 0.01208412961618354, 0.014519079539148758, 0.00972569555186977, 0.012855822805485997, 0.009314084346592425, 0.009826902428021035, 0.0070496055963914835, 0.007061959782009944, 0.009241151936336732, 0.012219815781914316, 0.012167750233737753, 0.005630090490837271, 0.009009471913877255, 0.006372972636545698, 0.006322569117927923, 0.007539070299865368, 0.006638469462422655, 0.009041640216837793, 0.005675676551492264, 0.006401613488451888, 0.006022839132587735, 0.0062123977278514455, 0.006070730119307215, 0.008686217801754052, 0.011711325459942844, 0.005310413865062098, 0.005089534208496721, 0.0053405237532686434, 0.005076528688970332, 0.005591148876321192, 0.0052470092396251855, 0.005081616372739275, 0.004113441064395011, 0.006623472588777077], 'avg_dist': [441.7253, 384.6626, 408.9907, 349.0944, 356.4842, 369.7577, 361.7205, 322.2964, 363.6241, 312.7126, 356.3965, 352.6013, 325.9242, 349.7170, 343.8683, 349.6888, 292.8179, 295.9742, 317.3694, 323.9095, 263.8799, 286.3527, 305.7776, 273.3428, 303.7773, 317.9923, 298.3093, 193.4425, 262.0850, 300.8261, 258.3833, 194.2323, 267.4994, 317.3556, 230.6033, 292.9258, 279.4802, 268.6236, 263.5020, 271.8760, 310.6705, 227.6709, 208.0394, 243.6867, 192.6895, 270.7422, 230.2017, 250.3701, 171.9127, 299.5440], 'test_loss': [0.0038930793598294256, 0.0019990943608805536, 0.0016689469696953892, 0.001443663476454094, 0.0013460367892170325, 0.0012244229236501268, 0.001189085042476654, 0.001186681066773599, 0.0011683735282393172, 0.0011376925171643962, 0.0011135120687598829, 0.0011110564227798023, 0.0009648471876484109, 0.0009482035657973029, 0.0009749524586193729, 0.0009063483231962891, 0.0009999711856795328, 0.0009651878048694925, 0.000940254869958153, 0.0009403444694078644, 0.0009330609133641701, 0.0008485386551401462, 0.0008893608359619975, 0.0008046478156178636, 0.0008086202433260041, 0.000807282954215043, 0.0008073056625438767, 0.0008289638477523112, 0.0007771618083674184, 0.000837919328229782, 0.0007499420948226544, 0.0007343881505082209, 0.0007406166455602943, 0.0007782367110332416, 0.0007276304823938063, 0.0007202362432557493, 0.0006616017387876127, 0.000686255352250464, 0.0006995075928195547, 0.0007060473029578134, 0.0007087239055386818, 0.0006767016730208525, 0.0006647521009315824, 0.0006361500545586296, 0.0006222561935876229, 0.000584837008475688, 0.0006060876142769075, 0.0006197971245614212, 0.0006533081855070406, 0.0006106392419630538], 'test_acc': [0.9419, 0.9518, 0.9532, 0.956, 0.9572, 0.962, 0.9649, 0.9637, 0.9646, 0.9642, 0.9659, 0.9653, 0.97, 0.969, 0.9698, 0.9712, 0.9691, 0.9699, 0.9702, 0.9714, 0.9706, 0.9729, 0.9736, 0.9755, 0.975, 0.9749, 0.9744, 0.9758, 0.9766, 0.9766, 0.9782, 0.9801, 0.9787, 0.9765, 0.9792, 0.979, 0.9818, 0.9805, 0.9811, 0.9801, 0.9799, 0.9804, 0.9814, 0.9821, 0.9837, 0.9826, 0.9823, 0.9821, 0.9831, 0.984]}",0.001,False
0,rSGD,cnn,50,100,0.1,mnist,True,10,5,10,0.001,"{'train_loss': [0.05218894312232734, 0.03859784597332279, 0.0320385129896303, 0.032080477542926866, 0.027828108823671937, 0.026802129618947707, 0.026367807226628064, 0.027155452208407226, 0.028149618772293127, 0.02589495483152568, 0.021405631324462594, 0.018134115246869625, 0.011596980772633107, 0.018880800124444066, 0.019449724328735225, 0.016102007614138224, 0.015335640113273014, 0.014108247680185985, 0.01380889602309714, 0.017191736070004605, 0.010189658993358414, 0.00946501804405513, 0.010837651243153959, 0.015711756146016217, 0.012248313059099018, 0.008116879679324725, 0.008771466137709408, 0.00864396713594906, 0.007690426607662812, 0.008569622919568792, 0.012303357564363007, 0.007797145143803209, 0.0075605978638865045, 0.00794864949611947, 0.008103687033553918, 0.007496730381296948, 0.00616456213677302, 0.011550686792346337, 0.007112581783207133, 0.008507198356029888, 0.007550014568818734, 0.007675460140779614, 0.006014177376947676, 0.006800170549393321, 0.006788281196681782, 0.006776538212193798, 0.00684347019456327, 0.005916475796746088, 0.005733079540640272, 0.005671601265637824], 'avg_dist': [235.8895, 176.0124, 149.0662, 132.8153, 138.1344, 114.5960, 109.8709, 123.6414, 110.0933, 96.1433, 105.1521, 109.4426, 65.9812, 113.3160, 97.6077, 99.5487, 94.9340, 83.6235, 115.1061, 114.2275, 79.9001, 93.2610, 72.4459, 95.0163, 97.0635, 39.9602, 69.6658, 60.2812, 62.9957, 82.4282, 74.6775, 97.3547, 56.1162, 64.3676, 66.9900, 85.2847, 50.4470, 89.6549, 48.1521, 58.2122, 53.5720, 57.1792, 48.7026, 93.2345, 71.6235, 70.4558, 66.6743, 43.1686, 53.3979, 57.3593], 'test_loss': [0.005554917147755623, 0.0019008252685889602, 0.0012707492066314444, 0.0010316386566963046, 0.0009550957063911483, 0.0008835755914042238, 0.0008953518437119783, 0.0008281415370409377, 0.0008111238011915702, 0.0008039312094828346, 0.0008173737763019745, 0.0007750584461042308, 0.0007351061099943764, 0.0007540334924327908, 0.0007254167263265117, 0.0007503972383070504, 0.0006865951568219315, 0.0007130433328214167, 0.0006853276620626275, 0.0006599717766519462, 0.0006514126373305772, 0.0006391775490736109, 0.000628483795221473, 0.0006032515329254238, 0.0005777019489363738, 0.0006183017961253427, 0.0005776749435018247, 0.0006290651914138835, 0.0005948149247016773, 0.0005882347768821092, 0.000591096013915012, 0.0006019805100419489, 0.0005460381852504042, 0.0005165930703504273, 0.0005111995709523284, 0.0004908288711294063, 0.0004983975948738134, 0.0004892844028882678, 0.00047899029652558056, 0.0004944605269573287, 0.00048251088251723785, 0.0004985473934540323, 0.00047702605772140174, 0.00048186372310588015, 0.0005227963407854531, 0.0004786298001788424, 0.0005057804315521423, 0.0005146788387972009, 0.0004889542333383517, 0.0004722530115548082], 'test_acc': [0.9364, 0.9533, 0.962, 0.9694, 0.9712, 0.9729, 0.9723, 0.9753, 0.9739, 0.9742, 0.9748, 0.9764, 0.9796, 0.9774, 0.9773, 0.9763, 0.9792, 0.9786, 0.9792, 0.981, 0.9818, 0.9821, 0.982, 0.9831, 0.9821, 0.9823, 0.9829, 0.9811, 0.9832, 0.9839, 0.9829, 0.9828, 0.9846, 0.9846, 0.9857, 0.9853, 0.9858, 0.9863, 0.9861, 0.9856, 0.9855, 0.9852, 0.9867, 0.9862, 0.9861, 0.9872, 0.9863, 0.9869, 0.9872, 0.9868]}",0.005,False
0,rSGD,cnn,50,100,0.1,mnist,True,10,5,10,0.001,"{'train_loss': [0.0612037042076389, 0.041247291582077746, 0.034752891030162575, 0.035828940911094356, 0.027259404435132938, 0.026498433793211977, 0.02263338795565069, 0.012956488084544738, 0.023490434683859345, 0.022142239242388555, 0.023395709009779005, 0.026999777372895422, 0.021840028399291136, 0.012940926355371873, 0.012595384734651697, 0.013963223703516025, 0.015605940730497241, 0.018230955822765828, 0.008376076949139435, 0.015522345683195937, 0.015445976134793213, 0.014570598072589685, 0.007822229012365765, 0.007941286862238, 0.011533464800411215, 0.015811962504576272, 0.008825040306150913, 0.006785036108891168, 0.010936878533257793, 0.011204392875451592, 0.010558447149038938, 0.011240878069866449, 0.0071146486336831, 0.011468277316571527, 0.007097702902602032, 0.005208010521422451, 0.01030158221965345, 0.006520490994382029, 0.006482814478230042, 0.0055055047166688974, 0.006687895515925871, 0.007010409169907991, 0.006205473387318973, 0.006654086183321974, 0.0058888992675735306, 0.005673432001727632, 0.005819331850872065, 0.005399420437511678, 0.006950316143924526, 0.010278325130961214], 'avg_dist': [149.4814, 95.6844, 78.6268, 66.3955, 70.6353, 65.4808, 68.8815, 63.1913, 44.6519, 53.6650, 47.3317, 43.3528, 57.6112, 61.1211, 42.7873, 49.5579, 45.9737, 46.4860, 27.5946, 45.2736, 31.9276, 50.5410, 34.5252, 30.4434, 40.8376, 43.5048, 34.5341, 21.5546, 42.5089, 52.7480, 34.0116, 48.7719, 18.1442, 39.2106, 39.8575, 16.3569, 34.6693, 23.2172, 48.2471, 15.9413, 39.5619, 38.1646, 17.6457, 21.3820, 26.4404, 15.8675, 22.5400, 15.4906, 19.5004, 47.7556], 'test_loss': [0.0036993982538580895, 0.0014678135817870498, 0.001076839280303102, 0.0009358502200513613, 0.0008182803346106084, 0.0007896145884587895, 0.0007570655349583831, 0.0007161391014036781, 0.000726800162489235, 0.0006529937954936031, 0.0006279954995006846, 0.0006450620239853379, 0.000598109727236806, 0.0006101744345258339, 0.0005777862291473867, 0.0005887709132941382, 0.0005330999133135265, 0.0005187022791473282, 0.0005596936892182839, 0.0005025503529116577, 0.0005154822388655703, 0.0005335107984012211, 0.00048340552343306627, 0.00048227041197028485, 0.00044825936900879244, 0.00048230002300797423, 0.0004736428424153928, 0.0004722538780576997, 0.00048439144397207203, 0.00047370751714688594, 0.0004611651622022691, 0.0004537980781017268, 0.000427050897869276, 0.00042429967611581107, 0.00041057673648867875, 0.000414758825229427, 0.00041154858969086946, 0.0003940736771484239, 0.00039079566088814774, 0.00039528493012954585, 0.0004228512084408976, 0.0004086223263042484, 0.00039421010661383206, 0.00038504806472985253, 0.00039307477643085915, 0.00037749762834470745, 0.00040290861861568315, 0.00040225528208545993, 0.0003852280463604444, 0.00039196728228251915], 'test_acc': [0.9498, 0.9588, 0.9669, 0.9712, 0.9737, 0.9748, 0.9756, 0.9782, 0.9772, 0.9786, 0.9787, 0.9792, 0.981, 0.9804, 0.9815, 0.9816, 0.9843, 0.9838, 0.9839, 0.9853, 0.9845, 0.9837, 0.9848, 0.9852, 0.9864, 0.9859, 0.9858, 0.9863, 0.9854, 0.9849, 0.9855, 0.9862, 0.9872, 0.987, 0.9879, 0.9878, 0.9876, 0.9888, 0.9878, 0.9885, 0.9867, 0.987, 0.9885, 0.9886, 0.9889, 0.9889, 0.9892, 0.9897, 0.9895, 0.9879]}",0.01,False
0,rSGD,cnn,50,100,0.1,mnist,True,10,5,10,0.001,"{'train_loss': [0.09404866874118646, 0.0565688142105937, 0.04269714208866159, 0.03197833358148734, 0.03497073769109944, 0.032666618371879064, 0.03354074160618086, 0.02584841281995177, 0.028700686345497765, 0.020752698822443683, 0.023033434316764273, 0.025156051613142095, 0.020425231337671476, 0.027256802957008282, 0.02270564586551239, 0.020217582644708455, 0.021296661845718823, 0.02177596619911492, 0.018766353718191388, 0.02289120936666926, 0.011889604137372226, 0.01905519807301462, 0.013550422165356577, 0.015191179889161138, 0.010955692690704018, 0.0184990416111735, 0.01149163890198494, 0.009779880915147563, 0.011907484347124896, 0.009949876005016267, 0.013959877770300954, 0.014059787074041864, 0.013809576040351143, 0.013704690708592532, 0.009547914094664156, 0.00943751890466859, 0.009135488794806104, 0.009327454402577132, 0.008601725797510394, 0.0076981904058717205, 0.011048737710962694, 0.008115222971218949, 0.013505307857925072, 0.007806487849804883, 0.008240834232016157, 0.007975311936841657, 0.008453894161557158, 0.007990906456640611, 0.007071491474999736, 0.014102296808330963], 'avg_dist': [49.7136, 23.3169, 20.2808, 18.8667, 14.6081, 19.3253, 15.0907, 19.8128, 13.6813, 16.2095, 16.9240, 17.2412, 13.2624, 15.2055, 13.6747, 11.9835, 15.5587, 12.6178, 14.7409, 10.1861, 12.8257, 13.3228, 12.8107, 11.0132, 16.3824, 15.1878, 14.1086, 12.8405, 13.6583, 9.2247, 13.5343, 15.2695, 12.6311, 11.4324, 11.4711, 10.7116, 12.7370, 11.2398, 16.4172, 7.5623, 11.3818, 10.4007, 9.3291, 13.7248, 9.8322, 10.1802, 12.3493, 11.8060, 9.7653, 8.4106], 'test_loss': [0.0059740296840667725, 0.0016183534280396997, 0.001332550646038726, 0.0011321412625256925, 0.0009530542045424227, 0.000939903793623671, 0.0008358442113880301, 0.0007851693131698994, 0.000702849545465142, 0.0006929091050602437, 0.0006212517612962983, 0.0006040174183246564, 0.0005977841983236431, 0.0006753489997412544, 0.0006009143461342319, 0.0005644465847257379, 0.0005361929221515311, 0.0005657833517576364, 0.0005128023048622709, 0.0004979986990216275, 0.00048177157515128785, 0.0004797840651959632, 0.0004573392392581809, 0.00045027405145010564, 0.00045850284150747027, 0.00044463258346040676, 0.00043129166982071185, 0.0003899462149340252, 0.0004404759219118205, 0.0004163085530927219, 0.0003985251783339663, 0.00041073692636346096, 0.00038503565367464034, 0.0004078063031871352, 0.0004159609673135492, 0.00039292734478040074, 0.00037864368191712857, 0.0003655850675428155, 0.0003751897140793517, 0.0003633558247206793, 0.0003657048036387323, 0.00036772801649167375, 0.0003508805599973584, 0.00033526946144743307, 0.0003385516945417749, 0.00033963947267877755, 0.0003438644870060216, 0.0003524679500978891, 0.00034246919307920505, 0.0003649116529282537], 'test_acc': [0.9271, 0.9529, 0.9599, 0.9642, 0.9697, 0.9687, 0.974, 0.9748, 0.9766, 0.9763, 0.9782, 0.9788, 0.9792, 0.977, 0.9792, 0.9827, 0.9822, 0.9813, 0.9836, 0.9821, 0.9846, 0.9839, 0.9834, 0.9843, 0.9853, 0.9863, 0.9854, 0.9864, 0.9856, 0.9861, 0.9866, 0.9857, 0.9873, 0.9862, 0.9863, 0.9868, 0.9878, 0.9876, 0.9873, 0.9877, 0.9889, 0.9891, 0.9885, 0.9886, 0.9891, 0.9886, 0.9886, 0.9887, 0.99, 0.989]}",0.05,False
0,rSGD,cnn,50,100,0.1,mnist,True,10,5,10,0.001,"{'train_loss': [0.11948157123724619, 0.06655268961985905, 0.05431463429679473, 0.045281681290268896, 0.03872069867104292, 0.03254092176134387, 0.0377945729115357, 0.03180830115589003, 0.03551835572049022, 0.03676509192014734, 0.02754435587152839, 0.0351879147314777, 0.02833362006905178, 0.023966797058160107, 0.02014855209104717, 0.03339519420303405, 0.017673235499237976, 0.024488357912190256, 0.02888573321190973, 0.018443996462846796, 0.021369012657118335, 0.02301165783405304, 0.01837337509871771, 0.02057594242220124, 0.02286557784502705, 0.014288010732022424, 0.014222701513270538, 0.022119517555211986, 0.013865887386351822, 0.013136022089297572, 0.017778960197449973, 0.013770504085409144, 0.012805326816501716, 0.012407985006924718, 0.01076674265731126, 0.011007090727798641, 0.010895074105852592, 0.013923461172139892, 0.010697649760187293, 0.01115601447252557, 0.012141733418746543, 0.010648528022536387, 0.010631881697413824, 0.010394564685846368, 0.010813497786161799, 0.012082627377441774, 0.01035457177531595, 0.01663867811507856, 0.010310817012982443, 0.008745671677022861], 'avg_dist': [29.3938, 13.4182, 12.0882, 11.9234, 11.8027, 11.2772, 10.6278, 9.6410, 9.6573, 9.4303, 8.8043, 9.3667, 8.8910, 8.2172, 8.6189, 10.7772, 9.5014, 7.9168, 8.6000, 9.6455, 7.8433, 7.9885, 9.6886, 8.2927, 9.9527, 8.4537, 7.4016, 7.4936, 7.5347, 7.6327, 9.2372, 9.8325, 7.0346, 7.5640, 7.2363, 7.4997, 5.8636, 8.8583, 7.9733, 8.6079, 8.0517, 7.7498, 8.4983, 6.0693, 6.3295, 5.4326, 6.6656, 7.7952, 5.0136, 6.4202], 'test_loss': [0.007036386987566948, 0.0021218259980902076, 0.0015474609105847776, 0.0013258086781715974, 0.001167102503683418, 0.001084101766475942, 0.0009562577264616266, 0.000885332320514135, 0.0008517698446987197, 0.0007981208200100809, 0.0007556872998946346, 0.0007079744561953703, 0.0006997838998562656, 0.0007146614493540256, 0.0006361416959858616, 0.0006337055225274525, 0.0005895362974493764, 0.0006004336853016866, 0.0005614407860630308, 0.0005266708583585569, 0.0005529794247042446, 0.0005250999488620436, 0.0005115184672438772, 0.0004894339431237313, 0.000511373416960123, 0.00047553157894362813, 0.00044421557374880647, 0.00043694740046557853, 0.0004397069591108448, 0.00042060279301131233, 0.00041819520889366685, 0.00043223193913036087, 0.00045463547912440844, 0.000416081983958793, 0.0003931554242313723, 0.00039627728986633883, 0.0003951384299312849, 0.00039454255503515017, 0.00038786411555811356, 0.0003814332123427448, 0.0003857449061886655, 0.0003731522455167578, 0.00035628734322945094, 0.00036350159971480024, 0.0003435792376943937, 0.00035177341455037097, 0.00036220904060719475, 0.00034679940828991675, 0.0003526069836973875, 0.0003469009100508629], 'test_acc': [0.9245, 0.9435, 0.9536, 0.9613, 0.9645, 0.9652, 0.9686, 0.9693, 0.9721, 0.9726, 0.9754, 0.9777, 0.9767, 0.9767, 0.9796, 0.9792, 0.9806, 0.9807, 0.9812, 0.9825, 0.9825, 0.9817, 0.982, 0.9829, 0.9824, 0.9833, 0.9846, 0.986, 0.9853, 0.9866, 0.9858, 0.9851, 0.9855, 0.9862, 0.9872, 0.9865, 0.9874, 0.9866, 0.9876, 0.9873, 0.9869, 0.9878, 0.9883, 0.9881, 0.9889, 0.9881, 0.988, 0.9885, 0.9882, 0.988]}",0.1,False
0,rSGD,cnn,50,100,0.1,mnist,True,10,5,10,0.001,"{'train_loss': [0.20869433659315106, 0.10953812409639359, 0.08259870482881865, 0.07124574724386136, 0.06165091448177894, 0.06424287922034662, 0.05967632453938326, 0.05690497877995173, 0.05713639609018961, 0.05297192770491044, 0.04896115642736355, 0.04224191142146787, 0.0535530095525086, 0.04798394226630529, 0.0444275282377998, 0.038006762030224, 0.04893874056786299, 0.045825161191821104, 0.041219077102343245, 0.03939035274311899, 0.036569827918211624, 0.03328904313618938, 0.03650618980055054, 0.03290691328048706, 0.03138264080931743, 0.027371845314651734, 0.028859538122639056, 0.034036436432103315, 0.0289665636750559, 0.03292363285931448, 0.03712941291034222, 0.03154560119460026, 0.026826310693720972, 0.027326037812108794, 0.02585044335188965, 0.03105560248146455, 0.02660268749631941, 0.02575318494451543, 0.029557618322968476, 0.024895639836539828, 0.030154970102881394, 0.02484937992853423, 0.022752339680244527, 0.02360700943681101, 0.02540630541120966, 0.02990046292953193, 0.02259447097890079, 0.023587582317739726, 0.0250692086905241, 0.025173090008397896], 'avg_dist': [6.6445, 4.2337, 3.5381, 3.6195, 3.9116, 3.5866, 3.4308, 3.2100, 2.9186, 3.4705, 3.0454, 3.3393, 3.3737, 3.0851, 3.3288, 2.9011, 3.2037, 2.9330, 3.0190, 2.7589, 3.1094, 3.0135, 2.8952, 3.1177, 2.9952, 2.7405, 2.7802, 3.4566, 2.8518, 2.8102, 2.5493, 3.2104, 3.0071, 2.6405, 2.7550, 2.8836, 2.7586, 2.8229, 2.9481, 2.8513, 2.9371, 2.8460, 2.7238, 2.2515, 2.5475, 2.8792, 2.6175, 2.6504, 2.5532, 3.0549], 'test_loss': [0.010123142045736312, 0.004646493270993233, 0.00315599336437881, 0.00267880598846823, 0.002349572537280619, 0.002146824214607477, 0.0020154783762991427, 0.0018283470811322332, 0.0017260568018071353, 0.0016526662827469408, 0.0015855130574200303, 0.0014986914125736802, 0.0014038011265452952, 0.0013370730167254806, 0.001288459024904296, 0.0012348281120182947, 0.0012102580631617457, 0.001146438111178577, 0.0011041451000375674, 0.0010982852229382842, 0.0010616567002609371, 0.0010275137385586277, 0.0010189709156751632, 0.0009682236525462941, 0.0009601531984983012, 0.000960412002983503, 0.0008949965017382056, 0.0008461201874073595, 0.0008614714092225768, 0.0008550482777412981, 0.0009172166426724288, 0.0008811029627860989, 0.000814649604621809, 0.0007836416915408336, 0.0008043790392228402, 0.000767364943784196, 0.0007579198376508429, 0.0007221661764080636, 0.0007243557492794935, 0.0007186918711755424, 0.0007108575045189355, 0.0006860964202671312, 0.0006698916580993682, 0.0006655318306933623, 0.0006641250487184152, 0.0006702753771969583, 0.0006324469493702054, 0.000624473630549619, 0.0006272052882646676, 0.000632769893319346], 'test_acc': [0.8479, 0.8959, 0.9181, 0.9273, 0.9362, 0.9407, 0.9418, 0.9474, 0.9505, 0.9503, 0.9527, 0.955, 0.9584, 0.9599, 0.962, 0.9618, 0.9631, 0.9649, 0.9657, 0.9648, 0.9668, 0.9679, 0.9692, 0.9692, 0.9702, 0.9698, 0.9722, 0.9737, 0.9731, 0.9723, 0.9701, 0.9713, 0.9735, 0.976, 0.9747, 0.9759, 0.976, 0.9774, 0.9779, 0.9772, 0.9769, 0.9793, 0.9788, 0.9788, 0.9791, 0.9811, 0.9813, 0.9816, 0.9804, 0.9809]}",0.5,False
0,rSGD,cnn,50,100,0.1,mnist,False,2,5,10,0.001,"{'train_loss': [0.006754458099137992, 0.007301281410975693, 0.007108530627920601, 0.0046168814457914166, 0.005192158916049327, 0.004684586085115249, 0.005308574225947571, 0.004817408466020909, 0.005616641269779453, 0.004010109373941669, 0.003024295719697451, 0.0030594851221501206, 0.004631073703158957, 0.0025750150205412258, 0.0026966876543253115, 0.0028340334580279885, 0.0025153095468364575, 0.0016040727738291024, 0.003220584066776792, 0.003866362903065359, 0.004836464419673818, 0.004179763279222729, 0.001753236735346824, 0.00235882631787487, 0.0022044885774181846, 0.002614866679421781, 0.0023771599747783815, 0.0021748567110393196, 0.0022449686334934083, 0.0025236011915646182, 0.0019316659012974316, 0.0015580379990880223, 0.002092671546634908, 0.002696338715939298, 0.0019319641864160076, 0.0018256501963944175, 0.0014864652417988205, 0.001511831204572809, 0.0023894342343119207, 0.00261426321707307, 0.0016922581062467847, 0.00189895762897407, 0.0011638828528642384, 0.0023200594210856557, 0.002030759135090436, 0.0017160570005013143, 0.002456691787407423, 0.002505542934689826, 0.0014267407381422042, 0.0022613254395662807], 'avg_dist': [110.2188, 131.2356, 125.0021, 101.4789, 117.5300, 147.9608, 98.9091, 121.3487, 113.1296, 113.6220, 71.4458, 87.3355, 130.9268, 95.0571, 81.9033, 90.9810, 101.2014, 69.6166, 77.1215, 102.4892, 108.2986, 121.2574, 53.4592, 82.6497, 74.9593, 121.1843, 100.0234, 90.9548, 95.4041, 75.7060, 86.4448, 56.3900, 95.2524, 118.9819, 68.1943, 75.7193, 60.3415, 61.7133, 64.8780, 77.4908, 82.2718, 58.6697, 40.3652, 102.2740, 80.1641, 53.0573, 100.8635, 116.4378, 81.3244, 97.3003], 'test_loss': [0.02435669147968292, 0.01959020012617111, 0.016595566737651824, 0.017182256412506102, 0.015449337184429169, 0.016973625326156615, 0.014480577147006988, 0.01601304975748062, 0.013119911932945252, 0.013485961222648621, 0.012087342828512192, 0.011536784100532532, 0.009971797209978104, 0.01060935115814209, 0.008697935545444489, 0.010771732872724532, 0.009495437318086624, 0.008331776350736618, 0.007396537256240844, 0.008997688591480256, 0.008621718335151672, 0.008992094749212264, 0.007968475878238677, 0.007426858049631118, 0.008616131097078324, 0.009664541685581207, 0.008883187556266785, 0.007309124147891998, 0.007152121514081955, 0.0070574178099632266, 0.005978908771276474, 0.005204997363686561, 0.0055119442448019985, 0.0043958429738879205, 0.004310007870197296, 0.005076126374304294, 0.003955577662587166, 0.003516014675796032, 0.0028160261884331702, 0.00492523925602436, 0.0035359212875366213, 0.002773254908621311, 0.0029801237337291242, 0.0030484324220567943, 0.003974923756718636, 0.0030486149191856385, 0.002922163051366806, 0.0038943858727812767, 0.0034402711033821106, 0.0032660290025174617], 'test_acc': [0.0894, 0.3301, 0.5172, 0.393, 0.5962, 0.428, 0.5181, 0.4407, 0.5747, 0.697, 0.6586, 0.6315, 0.7363, 0.7349, 0.7876, 0.7543, 0.7375, 0.7679, 0.8015, 0.7447, 0.7679, 0.7672, 0.7452, 0.797, 0.7738, 0.8863, 0.8439, 0.8907, 0.8939, 0.7775, 0.8331, 0.8516, 0.8157, 0.9169, 0.9216, 0.8249, 0.8529, 0.8737, 0.9357, 0.8622, 0.9027, 0.9352, 0.8902, 0.9011, 0.8891, 0.9188, 0.9326, 0.8752, 0.8845, 0.9035]}",0.001,False
0,rSGD,cnn,50,100,0.1,mnist,False,2,5,10,0.001,"{'train_loss': [0.009889625271658101, 0.009822866294983154, 0.008859372430015356, 0.009011870162840933, 0.008137451908644289, 0.007589659119987239, 0.006795886875782161, 0.005582696044476082, 0.004607416892140949, 0.005702820506094333, 0.005418213450008383, 0.006310424479329958, 0.004640806098942024, 0.007966108719119801, 0.005479270624171478, 0.005869205149705523, 0.006326592505015044, 0.006374873888872874, 0.004718007642636075, 0.00366931468945307, 0.0028399414622535305, 0.004041253138651761, 0.004118491202934334, 0.0048560841638905314, 0.004380401649077733, 0.003097783428558614, 0.0029402675486286172, 0.0024598731942397233, 0.003796199405585261, 0.004491364806001851, 0.002682919864352638, 0.003494269806946007, 0.0038161553564772474, 0.004040987927028133, 0.004264746765912666, 0.002892962215600225, 0.0028307462591784624, 0.0043754145216274385, 0.002999190263050453, 0.002378270501235966, 0.003948287816500912, 0.002584507625621822, 0.002186800165474415, 0.0030939466453273777, 0.0029663425378307394, 0.0036254906285573575, 0.002097268691653153, 0.0024642312444668885, 0.0034315431988371226, 0.002025913555167305], 'avg_dist': [67.0269, 55.8921, 54.8849, 55.4258, 53.4820, 58.9955, 47.9456, 41.8222, 35.6020, 41.3827, 54.5696, 50.7029, 43.0246, 45.9300, 55.9652, 48.7590, 30.2264, 41.6036, 35.1548, 37.4929, 23.5592, 37.5556, 51.0531, 54.4235, 23.5203, 17.4782, 25.4621, 13.9726, 32.1833, 26.8595, 36.9724, 17.3823, 39.2749, 29.6523, 33.5029, 27.9555, 26.2670, 26.4428, 33.4136, 21.5168, 47.2259, 19.5310, 24.1469, 19.8432, 23.4981, 20.7157, 17.5320, 14.1221, 39.1575, 35.2716], 'test_loss': [0.02085565323829651, 0.018178332221508026, 0.016415076756477357, 0.015639923453330994, 0.013779288685321809, 0.013458403623104095, 0.012900818479061127, 0.012501371896266938, 0.00996460936665535, 0.009476519650220871, 0.00862099980711937, 0.009199134027957917, 0.0073230213433504105, 0.006320962318778038, 0.009672401821613311, 0.008447446942329406, 0.006671917450428009, 0.006495491570234299, 0.008667884993553162, 0.004957627147436142, 0.0059086390256881715, 0.007351124176383018, 0.005790318086743355, 0.004997811402380466, 0.003934210886061192, 0.003564494587481022, 0.0032445073291659356, 0.002092317234352231, 0.0021181706219911577, 0.00386161218136549, 0.0028835648663342, 0.002385478740185499, 0.004801162451505661, 0.00367246465831995, 0.004459012165665626, 0.004016700330376625, 0.003336581254005432, 0.002470887666195631, 0.0023841180808842183, 0.0022360112942755223, 0.002384625941514969, 0.002445597390457988, 0.0023458290260285138, 0.00167470422424376, 0.0020576201751828192, 0.0016677020639181137, 0.0020591742426156997, 0.002499111519008875, 0.002034893277287483, 0.0015875670554116369], 'test_acc': [0.3408, 0.4413, 0.3722, 0.4516, 0.8034, 0.6118, 0.6327, 0.6134, 0.8308, 0.6981, 0.8083, 0.7534, 0.7789, 0.885, 0.6911, 0.7333, 0.8185, 0.7807, 0.6979, 0.8945, 0.7953, 0.7173, 0.8171, 0.914, 0.9162, 0.8747, 0.9125, 0.9422, 0.9369, 0.8573, 0.9286, 0.9321, 0.8171, 0.877, 0.8463, 0.8653, 0.9035, 0.9269, 0.9405, 0.9336, 0.9501, 0.9319, 0.9304, 0.9531, 0.9405, 0.9503, 0.93, 0.9168, 0.9424, 0.9548]}",0.005,False
0,rSGD,cnn,50,100,0.1,mnist,False,2,5,10,0.001,"{'train_loss': [0.012868149608233941, 0.011687113786302506, 0.010620193720702083, 0.010623609146041175, 0.008163294827076607, 0.008172780808845224, 0.009637308583005022, 0.007975141482567413, 0.004866897926153615, 0.007788177257232988, 0.00513754294939766, 0.006310116976949697, 0.009325687143672257, 0.006652280715325228, 0.006176632830283293, 0.005917947023594751, 0.005270130924787372, 0.003164261240030949, 0.007781899867280543, 0.004116389836526165, 0.004430244788457641, 0.0052023283450398595, 0.006934597581729758, 0.003962704681500328, 0.005498559162546492, 0.003741253236302873, 0.004662925875931978, 0.0036339947295307255, 0.0030469825526156153, 0.0026459037922671996, 0.004250190618389752, 0.002737914684259643, 0.006482273771241308, 0.004609825506102061, 0.004948648925932745, 0.00325388077548511, 0.004132833066175226, 0.0027990440476734274, 0.003736725177961247, 0.0034022723561550573, 0.0022908894904404105, 0.003070909443381243, 0.002098069034772925, 0.0029889877992701564, 0.0024176085200665206, 0.0027517265820633232, 0.002687419779947959, 0.0032588202336453834, 0.0021872978072497063, 0.0034180777135848378], 'avg_dist': [51.9012, 51.4344, 39.5107, 34.0667, 33.7860, 22.0200, 37.6714, 25.6995, 27.3700, 37.8160, 14.1197, 23.5506, 29.9871, 28.9541, 20.2542, 27.9075, 24.8977, 14.0912, 36.9661, 31.0578, 16.8072, 24.7912, 27.7850, 18.0314, 15.5896, 9.4666, 17.8589, 14.2187, 17.7468, 11.3505, 16.9505, 7.7417, 24.5950, 20.7114, 13.8985, 7.3128, 13.3193, 9.4553, 20.7144, 21.6189, 10.2281, 12.7631, 5.8058, 15.6925, 13.0454, 10.3181, 10.3559, 26.4002, 14.3116, 4.9008], 'test_loss': [0.020751570212841033, 0.018782107019424437, 0.017066870844364167, 0.015828047251701356, 0.014086390841007233, 0.011786731857061385, 0.01366390278339386, 0.01076552848815918, 0.008947310876846314, 0.00794992871284485, 0.007867970588803291, 0.007612756666541099, 0.006150333485007286, 0.004533872637152672, 0.004982355123758316, 0.004649234756827355, 0.004381133000552654, 0.005136597242951393, 0.007740715575218201, 0.004280042797327042, 0.002530827312171459, 0.003201015867292881, 0.003012073063105345, 0.0030713675275444983, 0.002769696205854416, 0.0023952510472387075, 0.0026473493717610835, 0.0020974747873842717, 0.0023559465151280165, 0.002928164356946945, 0.002941253100335598, 0.002335531398653984, 0.0020635289929807187, 0.003089029033482075, 0.0030305543050169943, 0.0024442750077694653, 0.002698776636645198, 0.0013631671637296676, 0.0021419762121513484, 0.0019835879147052766, 0.002226727399230003, 0.004636424723267555, 0.0012885298929177225, 0.0018746740393340588, 0.0016778933825902641, 0.0014401237551122904, 0.001359372584708035, 0.0014772950038313866, 0.002400493697822094, 0.0016735085595399142], 'test_acc': [0.383, 0.4356, 0.3579, 0.4386, 0.5184, 0.5698, 0.4516, 0.5958, 0.7073, 0.7364, 0.7508, 0.7372, 0.8574, 0.8916, 0.8182, 0.8403, 0.8753, 0.8159, 0.7464, 0.8646, 0.9362, 0.8978, 0.9309, 0.8921, 0.9217, 0.9319, 0.9141, 0.9302, 0.9187, 0.902, 0.9055, 0.9233, 0.9469, 0.8865, 0.8978, 0.9052, 0.9146, 0.9617, 0.9284, 0.9219, 0.9085, 0.8164, 0.9623, 0.9424, 0.9479, 0.959, 0.9641, 0.9613, 0.9124, 0.9486]}",0.01,False
0,rSGD,cnn,50,100,0.1,mnist,False,2,5,10,0.001,"{'train_loss': [0.02204023996194204, 0.01970855159635345, 0.012604431662211816, 0.010336053296830506, 0.015653250172361733, 0.017981771174507836, 0.012997638662951066, 0.009036433873938706, 0.011733594227116556, 0.012459271484807445, 0.006832352959403458, 0.008164768610630806, 0.010916498209411898, 0.007068896920660822, 0.009298914583143778, 0.010880782810396825, 0.007196461872112316, 0.009800581130517337, 0.009379308211275689, 0.009193960163524997, 0.008158066309918648, 0.010256598059413953, 0.006316367818477253, 0.006528837559643823, 0.004382111295576517, 0.0050043271775357424, 0.005274229027455051, 0.004622838242996174, 0.006137061037115442, 0.007170276412235885, 0.0036852218168632435, 0.00613441359748443, 0.006021125827310608, 0.004066562503296882, 0.0035135895303295304, 0.002751514093399358, 0.005748838699616802, 0.0033880415580157816, 0.004938332379787849, 0.0036957624388004964, 0.003978126937286773, 0.003521952205593698, 0.0026414168432937002, 0.006140007017603301, 0.0036617913655626277, 0.00533356858935828, 0.0038035327907341224, 0.0040237599444420385, 0.0035836959796414396, 0.0026804139391422115], 'avg_dist': [17.7335, 13.9211, 8.2009, 10.7374, 13.5607, 11.7771, 9.5699, 8.0667, 9.2792, 7.5903, 8.0426, 9.4985, 9.8127, 5.3959, 7.7119, 8.7300, 5.8648, 6.5834, 9.1939, 9.6450, 10.0184, 6.4832, 9.2577, 6.8463, 5.9243, 6.9391, 8.7607, 9.3654, 5.7044, 7.4536, 5.2844, 2.6488, 5.3712, 8.9947, 3.2467, 5.7327, 6.4561, 2.7601, 5.1553, 10.2059, 4.7916, 3.6749, 2.8816, 4.8010, 5.2850, 5.0062, 3.9451, 5.7266, 4.2225, 7.0244], 'test_loss': [0.021549809050559997, 0.01991318781375885, 0.019015884327888487, 0.01506565614938736, 0.013848643755912781, 0.009609992575645447, 0.00854389898777008, 0.007793452745676041, 0.006135896587371827, 0.004119558496773243, 0.007666683784127235, 0.005378550624847412, 0.004463631594181061, 0.003921041017770768, 0.003046382500976324, 0.0037256759703159334, 0.002634389692917466, 0.002992550804466009, 0.003501824676245451, 0.002129983373358846, 0.002057786460593343, 0.0024727066427469254, 0.002594289718568325, 0.002102265674620867, 0.002710486055910587, 0.001957681914977729, 0.0021988290639594196, 0.0017703566625714303, 0.0014292022928595544, 0.002106209658831358, 0.0016866025485098362, 0.001499197246087715, 0.0014007328222505747, 0.001955655586719513, 0.0018743371954187751, 0.0021823640983551743, 0.0015381764374673367, 0.0011250818553147838, 0.0012971908108331263, 0.0014770358886569738, 0.0013266115807928146, 0.001718060685042292, 0.0018257946701720356, 0.001222559642721899, 0.0009715378006687387, 0.0014462174505926668, 0.0013812650697305798, 0.0012524094564840198, 0.0012666251653805376, 0.0015471993912942708], 'test_acc': [0.2195, 0.3289, 0.3501, 0.5291, 0.5615, 0.6932, 0.6929, 0.7078, 0.8158, 0.9019, 0.7021, 0.8299, 0.8553, 0.8753, 0.9083, 0.8717, 0.9266, 0.9028, 0.8911, 0.9379, 0.9461, 0.9149, 0.92, 0.941, 0.9103, 0.9446, 0.9321, 0.9482, 0.955, 0.9264, 0.9458, 0.9511, 0.9534, 0.9292, 0.9331, 0.9265, 0.9513, 0.9663, 0.9596, 0.9535, 0.9573, 0.9455, 0.9424, 0.9599, 0.9694, 0.9513, 0.9548, 0.9593, 0.9588, 0.9491]}",0.05,False
0,rSGD,cnn,50,100,0.1,mnist,False,2,5,10,0.001,"{'train_loss': [0.022291678054258225, 0.024070746746317796, 0.022294390956001976, 0.020127829780181246, 0.01809431128244226, 0.01366912684561685, 0.01388512348784134, 0.01427680342985938, 0.012683963621997585, 0.012467027046283087, 0.013996871651243418, 0.014760563429569204, 0.011169135357354146, 0.009553338463728628, 0.007667280386644416, 0.008982317231114331, 0.008436879472325865, 0.009417488861906654, 0.007941171869534688, 0.01172530530736937, 0.010125448622368277, 0.009394377287073683, 0.005027967628402014, 0.011512092128190368, 0.00608053228064673, 0.008144336227459522, 0.008161964039908102, 0.007199144665167356, 0.0074691477048133195, 0.0050101254262728614, 0.00559901355713761, 0.007501341533133139, 0.005523311289361057, 0.007706515877975229, 0.006382806046128583, 0.0036452533722156656, 0.00589899659549507, 0.00521652944618836, 0.005250041043075423, 0.004825344651883157, 0.005284074593956271, 0.005156353381229564, 0.006591639807137351, 0.006422078697833541, 0.004789447561868778, 0.004838717464089859, 0.005262356069078668, 0.004440609644493088, 0.005794839081191457, 0.0045791550246843445], 'avg_dist': [9.6591, 11.4353, 11.2343, 9.3646, 6.8403, 5.1718, 7.3990, 7.5120, 4.9519, 4.9738, 4.4644, 4.4628, 6.4560, 7.3005, 3.2048, 5.9218, 4.2705, 6.0577, 3.9182, 7.6108, 3.4271, 4.1931, 2.4699, 4.1744, 2.9156, 3.3488, 6.6190, 4.5831, 3.3608, 4.1244, 3.0292, 3.4962, 3.9654, 2.9843, 4.1312, 2.9089, 3.6038, 4.2307, 2.5866, 4.9714, 3.4007, 3.3930, 4.3059, 4.4534, 2.2837, 2.8166, 3.0757, 1.7328, 3.8694, 5.0543], 'test_loss': [0.022755617594718933, 0.021327437925338744, 0.01674057284593582, 0.015423334765434265, 0.015218472790718078, 0.011917490166425704, 0.007588749003410339, 0.007360294410586357, 0.005870457890629769, 0.004884657028317451, 0.005102462135255337, 0.003942226375639439, 0.004366159331798554, 0.008523166540265083, 0.004305309309065342, 0.0034381948262453077, 0.003932400146126747, 0.0033223011650145053, 0.0039789896376430985, 0.0034426925495266913, 0.003813137298822403, 0.0038061112344264982, 0.004151473599672317, 0.0033595549881458285, 0.0028443946711719037, 0.0018411403795704246, 0.002119691942259669, 0.0025879882991313935, 0.0021895823497325184, 0.0020952017422765493, 0.0022385209798812867, 0.002369658054597676, 0.003233325607329607, 0.0023506037063896657, 0.0026050061613321304, 0.0025251062132418158, 0.0028795070089399815, 0.002867072129249573, 0.0021051128510385752, 0.0016954708501696588, 0.0021171310652047396, 0.0024011689629405736, 0.0023891317825764417, 0.0027043121971189977, 0.0013239406171254814, 0.001346839682292193, 0.0019622680079191923, 0.0018387802017852664, 0.002936236737295985, 0.0012020355878397822], 'test_acc': [0.2631, 0.2848, 0.456, 0.4063, 0.447, 0.5572, 0.8212, 0.7561, 0.811, 0.8454, 0.8456, 0.8956, 0.8759, 0.7017, 0.8592, 0.9014, 0.8671, 0.9037, 0.8533, 0.9051, 0.8454, 0.8553, 0.8547, 0.8795, 0.8911, 0.9507, 0.9385, 0.9169, 0.9295, 0.9284, 0.9261, 0.9176, 0.8828, 0.9157, 0.9157, 0.9017, 0.8827, 0.8933, 0.9328, 0.9477, 0.9246, 0.9101, 0.9041, 0.8925, 0.9614, 0.9602, 0.931, 0.9317, 0.8962, 0.9648]}",0.1,False
0,rSGD,cnn,50,100,0.1,mnist,False,2,5,10,0.001,"{'train_loss': [0.04654647674386699, 0.04198332848846913, 0.03634100808774431, 0.0324618438962847, 0.031240600045273702, 0.02618250929138934, 0.022301210895429056, 0.016976657696751257, 0.022601065605164818, 0.023898799177631734, 0.018832128426680965, 0.02028962445746486, 0.017540602666853616, 0.018458315270471697, 0.013496080973216643, 0.019792014266115925, 0.018641869872280704, 0.01867927153914546, 0.013534920300636438, 0.017177740824595094, 0.013279028633919854, 0.016757450794490675, 0.013899136167252437, 0.01700730231888592, 0.01468091096188873, 0.011297563089973605, 0.015809890828592084, 0.016354077510007968, 0.0109918553569975, 0.01199190231411097, 0.012792751622262103, 0.015522959420767923, 0.012130845205268512, 0.014830954316211864, 0.010637463261249164, 0.0125834623116379, 0.011709128267255921, 0.010737511861572662, 0.012565866126896193, 0.011170225567712138, 0.01041093245083466, 0.01014874695809558, 0.012635151209992668, 0.011046904594947896, 0.00984714448871091, 0.008761386151627326, 0.01306699974865963, 0.01168779237779478, 0.008604360684690376, 0.009597828577707211], 'avg_dist': [3.9123, 3.4587, 2.6075, 2.3045, 2.5371, 1.9040, 1.7632, 1.1836, 2.0022, 2.4625, 1.5621, 1.7748, 1.1999, 1.2675, 1.0844, 1.5107, 2.1514, 1.5221, 1.4187, 1.3422, 1.0172, 1.7838, 1.2543, 1.5029, 2.1275, 0.7906, 1.0513, 1.4169, 1.2682, 1.0483, 1.2567, 1.0930, 1.5259, 1.5048, 1.0699, 1.2536, 1.4069, 1.5282, 1.3663, 1.3930, 1.2203, 1.4091, 1.5295, 0.9609, 1.2080, 1.0776, 0.8923, 0.9673, 1.0832, 0.8560], 'test_loss': [0.02259379961490631, 0.023977763104438783, 0.020161576223373414, 0.014827147388458252, 0.014351455020904541, 0.013219126427173614, 0.011988833171129226, 0.010280493122339248, 0.009808486104011535, 0.009608749163150788, 0.007719589319825172, 0.008587990945577622, 0.008463086658716201, 0.006358622175455094, 0.007357196375727654, 0.005502815026044845, 0.005440480615198612, 0.004954714280366898, 0.005582496812939644, 0.0043488604336977005, 0.004010371831804514, 0.003887914764881134, 0.006513613295555115, 0.0068322227627038955, 0.004011066310107708, 0.003933076527714729, 0.004524285904318095, 0.0032956570982933045, 0.0038689549304544925, 0.0038305515468120576, 0.005504036812484264, 0.003485862372815609, 0.0032004080317914485, 0.004197365503013134, 0.004405625095963478, 0.003986657050251961, 0.0032231287851929667, 0.0025893618620932103, 0.0030154879074543715, 0.0030334606878459455, 0.004550972716510296, 0.004340212808549404, 0.0035245322942733764, 0.003088276197388768, 0.0035647381380200386, 0.00263867902867496, 0.002810858928412199, 0.0031677837669849395, 0.002950251930952072, 0.0026184314988553525], 'test_acc': [0.2419, 0.1855, 0.3981, 0.5931, 0.4422, 0.5837, 0.5768, 0.6219, 0.7035, 0.6636, 0.772, 0.6785, 0.6991, 0.8238, 0.7391, 0.8363, 0.8346, 0.869, 0.8235, 0.8808, 0.8791, 0.8971, 0.782, 0.7593, 0.8555, 0.8811, 0.8447, 0.9049, 0.8783, 0.8726, 0.8243, 0.9018, 0.9017, 0.8425, 0.8396, 0.8455, 0.884, 0.9239, 0.9129, 0.9049, 0.8322, 0.8273, 0.891, 0.9057, 0.8856, 0.9221, 0.913, 0.8984, 0.9035, 0.9055]}",0.5,False
0,rSGD,cnn,50,100,0.1,cifar10,True,10,5,10,0.001,"{'train_loss': [0.20220113266468048, 0.20151868842601775, 0.1946489717507362, 0.18805298275232316, 0.19307357749223708, 0.18723926908254623, 0.18144972610950474, 0.18305873214960097, 0.18561275444984435, 0.1659721192765236, 0.16415507797002793, 0.16890782496690754, 0.17527693442583084, 0.17023219011545182, 0.16502805308938026, 0.16911984979510308, 0.1642236397957802, 0.155159856133461, 0.154739408673048, 0.1487984352636337, 0.1526763786101341, 0.15712627633571624, 0.16326615510702133, 0.15247910744309429, 0.13950436433315277, 0.14600198792696, 0.1443585576081276, 0.15381788235902782, 0.13034060356736182, 0.1425321553003788, 0.12971794424533845, 0.13015428450226782, 0.1304163092279434, 0.14766002334594727, 0.12427549735307693, 0.13125494605302812, 0.1330889548563957, 0.11014822599649428, 0.12220970796883104, 0.11730027171611786, 0.12996805411338808, 0.12733463647127152, 0.11080398460745813, 0.1069660212790966, 0.1139784735262394, 0.11848059168457985, 0.12148460861086847, 0.1310107664167881, 0.11745668078899385, 0.11526428880155086], 'avg_dist': [346.0656, 274.4797, 320.7133, 374.5459, 311.2217, 375.8040, 413.8409, 449.6224, 425.8162, 572.1374, 641.2618, 574.2589, 528.9122, 607.6516, 707.1179, 671.9874, 711.8870, 813.2043, 767.1689, 875.8290, 900.4575, 875.3828, 791.3264, 916.8077, 1076.9750, 950.1866, 1026.6135, 965.2708, 1231.0803, 1146.9708, 1262.6217, 1256.2300, 1291.9067, 1031.8922, 1352.9352, 1295.3185, 1205.4246, 1535.9155, 1475.1893, 1459.9238, 1313.2800, 1408.9791, 1641.3027, 1618.1028, 1505.6206, 1516.5548, 1472.2260, 1399.9694, 1526.4801, 1630.5929], 'test_loss': [0.02210213305950165, 0.02144335377216339, 0.020654387259483337, 0.02020709615945816, 0.019894562566280364, 0.019126469206809996, 0.01912473336458206, 0.01915939017534256, 0.01921011446714401, 0.01872566143274307, 0.018323290693759917, 0.018692761278152465, 0.018416316509246827, 0.018845380294322967, 0.018182360887527466, 0.01738516217470169, 0.017743897366523743, 0.018015044045448302, 0.01794584662914276, 0.01776880645751953, 0.017962422239780427, 0.01834888595342636, 0.018256630086898804, 0.017242282009124754, 0.017008679711818697, 0.0166049107670784, 0.016476884269714356, 0.017127042758464814, 0.01622259395122528, 0.01724141067266464, 0.016341306924819946, 0.016820708751678466, 0.015545040559768677, 0.016784451019763946, 0.01613316607475281, 0.016657779932022096, 0.015968279802799225, 0.015717302894592285, 0.015563141548633575, 0.016052652275562285, 0.016585621547698975, 0.01622321479320526, 0.015796764731407165, 0.01567648844718933, 0.01618689913749695, 0.01585700476169586, 0.016520469248294832, 0.015986317825317384, 0.016014423716068267, 0.016145497024059294], 'test_acc': [0.2542, 0.2827, 0.2964, 0.3095, 0.3321, 0.3539, 0.3482, 0.3609, 0.3731, 0.3754, 0.3779, 0.357, 0.3688, 0.3588, 0.3923, 0.4051, 0.3991, 0.3818, 0.3806, 0.3878, 0.3736, 0.3909, 0.3848, 0.4164, 0.4171, 0.435, 0.4277, 0.4249, 0.4302, 0.4044, 0.4363, 0.4288, 0.4689, 0.4298, 0.4504, 0.4253, 0.4515, 0.4524, 0.4601, 0.442, 0.4297, 0.439, 0.4467, 0.4631, 0.4404, 0.4575, 0.4346, 0.4512, 0.4537, 0.4537]}",0.001,False
0,rSGD,cnn,50,100,0.1,cifar10,True,10,5,10,0.001,"{'train_loss': [0.210861196808815, 0.20039325822353363, 0.20143075427055357, 0.19884385139942168, 0.19227057201147077, 0.1900395343875885, 0.19065287161350253, 0.1829953308868408, 0.18537834203481676, 0.17909137810230258, 0.1755877458167076, 0.17767393118858338, 0.17328274264097215, 0.16392865857839584, 0.16067929973125455, 0.1647681224513054, 0.17207107530355453, 0.1566678481388092, 0.16437461600303652, 0.1596575085067749, 0.16375914657115936, 0.15159408499956134, 0.1580997999382019, 0.15584031563520429, 0.16332431868076325, 0.1472305121719837, 0.14686235559701918, 0.16388341609001159, 0.15962642704963687, 0.1418682444381714, 0.14554913014411927, 0.14610696340322496, 0.1479425931024551, 0.1383361956810951, 0.1377247367823124, 0.13441105073332787, 0.13921011512517928, 0.14394133179426194, 0.14052677568912506, 0.15021189955115316, 0.13304723432302473, 0.1362538596010208, 0.13296955288767814, 0.14597144327640532, 0.1271666906261444, 0.12918709245562554, 0.12881544797182085, 0.13423729206919668, 0.1245891980755329, 0.1223841149199009], 'avg_dist': [214.5838, 139.3649, 119.2638, 116.1964, 127.4989, 145.6751, 143.7044, 155.4115, 170.8984, 213.0651, 199.7441, 201.1542, 230.0237, 247.0228, 268.8097, 279.0172, 273.3294, 306.7413, 276.0694, 309.9487, 288.2943, 324.3586, 308.1313, 313.8212, 298.9232, 367.6064, 343.8585, 309.2544, 344.7491, 369.7068, 392.3011, 365.9560, 360.7119, 410.0652, 420.3837, 448.7957, 410.1979, 393.2350, 407.4428, 399.2853, 442.6328, 441.9296, 468.7491, 412.6705, 499.9720, 467.7288, 484.3930, 473.1246, 521.1760, 520.3093], 'test_loss': [0.021953247714042664, 0.01994922013282776, 0.018168266236782075, 0.017345106446743013, 0.016704145741462707, 0.01674579027891159, 0.01615461155176163, 0.016083364510536192, 0.01601880900859833, 0.016212502253055573, 0.015662190699577333, 0.01567592908143997, 0.015586355459690095, 0.01512007246017456, 0.014732728004455567, 0.015057639491558075, 0.015281227421760558, 0.014758711791038513, 0.014384219086170196, 0.014466717123985291, 0.014596876907348634, 0.01445193269252777, 0.014361101853847504, 0.014504176938533783, 0.014306437408924103, 0.014149655997753143, 0.014109336590766906, 0.014122162020206452, 0.014102965402603149, 0.013688299584388733, 0.013998537623882293, 0.0136938551902771, 0.013839491701126099, 0.013494467914104462, 0.013424571979045868, 0.013647045588493348, 0.013588925182819367, 0.013504735970497131, 0.01342847411632538, 0.013646366477012634, 0.01344944087266922, 0.013412710309028625, 0.013317130422592163, 0.013363141024112702, 0.013188980221748352, 0.013064312934875488, 0.013100679779052734, 0.013189210844039918, 0.013155115711688996, 0.01318307569026947], 'test_acc': [0.2331, 0.3521, 0.3807, 0.3815, 0.4115, 0.4105, 0.4201, 0.4253, 0.432, 0.4339, 0.4466, 0.4391, 0.4467, 0.4628, 0.468, 0.4661, 0.466, 0.4793, 0.4908, 0.4855, 0.482, 0.4891, 0.4866, 0.4811, 0.4926, 0.5044, 0.4966, 0.5002, 0.4942, 0.5098, 0.502, 0.5135, 0.4968, 0.52, 0.5228, 0.5152, 0.5102, 0.5175, 0.5248, 0.5148, 0.5215, 0.5239, 0.5294, 0.5302, 0.5361, 0.5406, 0.5377, 0.5335, 0.5344, 0.5377]}",0.005,False
0,rSGD,cnn,50,100,0.1,cifar10,True,10,5,10,0.001,"{'train_loss': [0.2143050077724457, 0.2053615384864807, 0.19978360119342803, 0.19741435381174088, 0.189157574365139, 0.18097297202587123, 0.1884552672243118, 0.18236807671546937, 0.1926052349758148, 0.18202005820751188, 0.1775377060842514, 0.18249573128938673, 0.17348252847671505, 0.18424355882167814, 0.1764540079498291, 0.18265832454442982, 0.17015095530748367, 0.16858364167928694, 0.16597359384059907, 0.15972650729894639, 0.17115305778026582, 0.1621862186408043, 0.1658971793317795, 0.1609250066804886, 0.15289548762321473, 0.15784079322814942, 0.15357997894048692, 0.1570394404935837, 0.15674331550598145, 0.15379956312656404, 0.1542992160463333, 0.14832099586486816, 0.1585447828221321, 0.15045882518291473, 0.15189775495171545, 0.14584323521018028, 0.1475211157608032, 0.1460958317184448, 0.1458255612206459, 0.14403366516828536, 0.14085096753358842, 0.14353631980419157, 0.14886950561761852, 0.14411189354896545, 0.13484170805215837, 0.14043959392547609, 0.1372837366771698, 0.14418202593803411, 0.13790418463230134, 0.13104021086931228], 'avg_dist': [122.2348, 99.2097, 100.3167, 91.7960, 97.9832, 118.0769, 109.2099, 114.5356, 107.0543, 132.7168, 129.3514, 119.3354, 141.6596, 130.6115, 140.9297, 128.5831, 151.7929, 162.4680, 159.1240, 166.2133, 162.2217, 178.2386, 169.4302, 183.9643, 182.4935, 201.0884, 201.1937, 186.0583, 186.3810, 199.2107, 203.3836, 212.5733, 200.5652, 230.1566, 220.6194, 232.8288, 227.4696, 239.6955, 233.4712, 245.9404, 250.1254, 252.0373, 246.4890, 252.0153, 280.3018, 246.0845, 267.7494, 257.8989, 265.0886, 281.0422], 'test_loss': [0.022474055981636046, 0.020922249960899354, 0.019004689109325408, 0.01745451693534851, 0.017327456510066987, 0.016726336085796358, 0.016682891142368317, 0.015641324162483216, 0.015982818949222564, 0.01601269497871399, 0.015247519171237945, 0.015158475029468536, 0.015160118007659913, 0.015037655687332153, 0.015027631413936616, 0.014963783371448517, 0.01438072234392166, 0.01454578082561493, 0.014165133285522461, 0.01404871131181717, 0.01423718899488449, 0.014024128460884095, 0.014055512464046477, 0.013798214566707611, 0.013708728468418122, 0.01367647534608841, 0.013543001389503479, 0.013566332018375397, 0.013534508442878724, 0.013390814054012299, 0.013346873605251313, 0.013354942321777344, 0.013281027829647064, 0.013324370861053467, 0.013421600759029388, 0.013269956398010254, 0.013045502233505249, 0.0129813108086586, 0.012897703325748444, 0.012930055809020995, 0.012942790019512176, 0.012804406833648682, 0.012702227866649627, 0.0128100790143013, 0.012606230652332306, 0.012698526906967163, 0.012646212470531463, 0.012709494709968567, 0.012704746556282044, 0.012613333177566528], 'test_acc': [0.1915, 0.3055, 0.3306, 0.3748, 0.4123, 0.4168, 0.4228, 0.4348, 0.4413, 0.4475, 0.4517, 0.4577, 0.4643, 0.4695, 0.475, 0.4698, 0.4943, 0.4817, 0.4902, 0.5014, 0.5009, 0.499, 0.4946, 0.5104, 0.5056, 0.5132, 0.5136, 0.5181, 0.5165, 0.5239, 0.5279, 0.5232, 0.5299, 0.5312, 0.5221, 0.5263, 0.535, 0.5402, 0.5454, 0.5418, 0.5424, 0.5517, 0.5508, 0.5473, 0.5556, 0.5556, 0.5552, 0.5498, 0.5516, 0.5584]}",0.01,False
0,rSGD,cnn,50,100,0.1,cifar10,True,10,5,10,0.001,"{'train_loss': [0.23221228098392482, 0.21636049811363214, 0.20818934408187867, 0.20060356964588166, 0.19349219854831695, 0.20109694046020507, 0.19142983802795407, 0.18742529277324677, 0.18822124624729156, 0.18952265021324158, 0.1821941395354271, 0.1871211975812912, 0.18226223571300507, 0.18133938134908678, 0.1788656554389, 0.17754769260406494, 0.17549787296772004, 0.1731883541369438, 0.17594012495040895, 0.1741882652282715, 0.1681698666167259, 0.1656811398911476, 0.16557237340688707, 0.17185415574550628, 0.1685139697217941, 0.1676752944135666, 0.1660329563355446, 0.16841214409112928, 0.16926639927387238, 0.16054892851829528, 0.15745584463596343, 0.15632587782144547, 0.15957059608221053, 0.15446541937351227, 0.15827527517795562, 0.16817751494169236, 0.15663556123256683, 0.15955447808265685, 0.15412286580085757, 0.15082025684356687, 0.152594088807106, 0.1535940403294563, 0.1522957122039795, 0.15781135411977767, 0.15519648491859436, 0.15427223637342452, 0.1592913842535019, 0.14698052842140197, 0.15183023115634917, 0.1504911018586159], 'avg_dist': [36.7270, 28.3651, 21.5235, 22.1217, 21.7000, 20.1731, 20.8172, 22.4418, 22.1375, 22.6364, 24.4087, 23.3524, 23.7277, 25.6825, 25.5227, 25.0336, 25.0814, 26.8503, 27.3434, 27.7057, 27.8593, 28.6441, 28.6231, 30.9367, 28.9946, 30.9172, 30.0021, 30.7285, 33.3445, 32.1152, 35.8319, 34.9271, 36.1250, 37.9920, 36.8359, 36.1690, 37.2433, 37.0991, 37.0197, 38.1245, 38.4316, 39.6645, 39.6924, 38.7716, 39.0455, 39.3720, 39.0552, 41.3390, 41.1185, 41.4763], 'test_loss': [0.022149802565574646, 0.01918743623495102, 0.017560959112644197, 0.016747515618801116, 0.016245258021354677, 0.01604878343343735, 0.01577695149183273, 0.015581603240966796, 0.015244355010986328, 0.015082725906372071, 0.014793601751327514, 0.014795221984386445, 0.01477967004776001, 0.014664334082603455, 0.014691217195987701, 0.014363121271133423, 0.014227581071853637, 0.014156894409656525, 0.01415945781469345, 0.014095382678508758, 0.014028583753108979, 0.013803387832641602, 0.013684015464782715, 0.0137702378988266, 0.01366555005311966, 0.013620507633686066, 0.013569396543502808, 0.013495426416397095, 0.01351399323940277, 0.013246757745742797, 0.013242169630527496, 0.013092417597770691, 0.013157978415489198, 0.013067449939250946, 0.013028640711307526, 0.01304829957485199, 0.012987325859069825, 0.012993714380264282, 0.01274159712791443, 0.012776370751857757, 0.01272391790151596, 0.012811952888965607, 0.012599321782588959, 0.012596858155727387, 0.012591760408878326, 0.012721232390403748, 0.012582550001144409, 0.012491618275642396, 0.012379113519191742, 0.0124192409157753], 'test_acc': [0.2544, 0.3165, 0.3614, 0.3956, 0.3997, 0.4126, 0.4185, 0.4317, 0.4441, 0.4456, 0.4534, 0.4569, 0.462, 0.4586, 0.462, 0.4782, 0.4806, 0.4802, 0.4856, 0.4848, 0.4857, 0.4957, 0.5016, 0.4979, 0.5075, 0.511, 0.5125, 0.5115, 0.5119, 0.5176, 0.5215, 0.5271, 0.5286, 0.5261, 0.5305, 0.5314, 0.5305, 0.5325, 0.5441, 0.5389, 0.5418, 0.5339, 0.5385, 0.5465, 0.5451, 0.5408, 0.5476, 0.5504, 0.5571, 0.5535]}",0.05,False
0,rSGD,cnn,50,100,0.1,cifar10,True,10,5,10,0.001,"{'train_loss': [0.24063065749645235, 0.22458277232170104, 0.21076892007827758, 0.20269385212421415, 0.19758773950576783, 0.19769911392211914, 0.18992644607543946, 0.1928990551137924, 0.1923435134601593, 0.1878452069354057, 0.18421186821460725, 0.18710243198633195, 0.18230741760730745, 0.1795287740778923, 0.1830429845809936, 0.18191493879318238, 0.17780199754714968, 0.18599862230062486, 0.1815146893835068, 0.18381659706830977, 0.16983087754249573, 0.17212115507602693, 0.1796244793009758, 0.18141564086437223, 0.1669087168335915, 0.16977899660825732, 0.17360601112842558, 0.17156947569370268, 0.1678254607462883, 0.1632637275862694, 0.17400394155263899, 0.1628501232647896, 0.16062843503475188, 0.16944827012300492, 0.1628962898683548, 0.1622704221367836, 0.15949685344934467, 0.15968709391832353, 0.1618767595791817, 0.17135826575756072, 0.17251352436304093, 0.15572982954502104, 0.16245793793916702, 0.16182709770917894, 0.15943045899629596, 0.15893328798055648, 0.15385887279748917, 0.15897704758644107, 0.16148038081645966, 0.1497213365721703], 'avg_dist': [21.6298, 14.9846, 12.6097, 12.3315, 13.4228, 12.5226, 15.1937, 12.3189, 12.4715, 11.3319, 13.9917, 10.8937, 12.5122, 12.7940, 12.8136, 13.0528, 13.6058, 12.3636, 13.6172, 13.0363, 14.4171, 14.1101, 14.1217, 14.1439, 14.2059, 15.0205, 15.0132, 14.8408, 15.1787, 15.9422, 15.6900, 16.5896, 15.7935, 17.1616, 17.1346, 16.1608, 16.5387, 16.5814, 17.1435, 16.4661, 16.8255, 17.0076, 17.4537, 17.9719, 18.1844, 18.2060, 17.7419, 18.4373, 18.9326, 18.7187], 'test_loss': [0.02206385796070099, 0.019299099802970888, 0.017758986353874205, 0.017277505314350128, 0.01663081806898117, 0.016389057087898253, 0.015973238241672516, 0.015903156316280365, 0.015715452075004577, 0.015494820332527161, 0.015331695687770843, 0.01522606337070465, 0.015012712562084198, 0.014816915488243104, 0.014904334843158722, 0.014607684397697449, 0.01459573255777359, 0.014633549845218658, 0.014469617462158203, 0.01437762223482132, 0.014191912817955017, 0.014066800105571747, 0.014038338875770568, 0.013950266635417938, 0.013928362107276916, 0.01388352667093277, 0.013697775948047637, 0.013552920365333556, 0.013451848697662354, 0.013435685777664184, 0.01351589515209198, 0.013299973130226135, 0.013235466909408569, 0.013325743210315705, 0.0131065469622612, 0.013123644530773164, 0.012985058617591859, 0.01294784494638443, 0.013102728545665741, 0.012932256424427033, 0.013041418898105622, 0.01285320692062378, 0.012807826113700866, 0.012781201839447021, 0.012566894543170929, 0.012646827125549317, 0.012657040596008301, 0.012533871459960938, 0.012572745585441589, 0.012467874240875244], 'test_acc': [0.2364, 0.3198, 0.364, 0.3725, 0.3915, 0.4007, 0.4072, 0.407, 0.4179, 0.4336, 0.4384, 0.4366, 0.4464, 0.4552, 0.4528, 0.4619, 0.4667, 0.4669, 0.4743, 0.4724, 0.4797, 0.4828, 0.4808, 0.4842, 0.4899, 0.487, 0.5035, 0.5066, 0.5128, 0.5139, 0.5073, 0.5156, 0.5163, 0.5231, 0.5254, 0.5193, 0.5291, 0.5349, 0.5237, 0.5363, 0.5311, 0.5362, 0.5398, 0.5351, 0.545, 0.5409, 0.544, 0.5494, 0.5484, 0.5553]}",0.1,False
0,rSGD,cnn,50,100,0.1,cifar10,True,10,5,10,0.001,"{'train_loss': [0.2553475368118286, 0.24708643915653225, 0.2406506545400619, 0.23599625050544742, 0.23243146627426148, 0.22849181910991664, 0.2256106920289993, 0.22409306500911713, 0.221634178853035, 0.21861140393733977, 0.21529599787712095, 0.21393130085945128, 0.21293393441677094, 0.21057933519363403, 0.20843280546188353, 0.20788314116001133, 0.2080506885385513, 0.20708127625465395, 0.20669834308624266, 0.2012573248338699, 0.20149877148628237, 0.20497280846118926, 0.19810245435714724, 0.20288371102809907, 0.19847258774280546, 0.2050717346525192, 0.1985049768590927, 0.1987653849411011, 0.19876502277851105, 0.19388791427850724, 0.1970376925563812, 0.19386228573322298, 0.19342434610366824, 0.1971630772066116, 0.1871732549595833, 0.1885311625814438, 0.18724192441940307, 0.19430857460260392, 0.18657432577610017, 0.18829415149688722, 0.18765366101980208, 0.18943285950183866, 0.18568617945194243, 0.18631542017698288, 0.18461831408023835, 0.18884594637393953, 0.18702194592952728, 0.18288724382638935, 0.1827088916683197, 0.18660266733646394], 'avg_dist': [4.5759, 3.8611, 4.0652, 4.0372, 3.7381, 3.6787, 3.4976, 3.9249, 3.9719, 3.8944, 3.7871, 3.6230, 3.9843, 3.9444, 3.8097, 4.3679, 3.9451, 4.2609, 4.1426, 3.9938, 4.0498, 4.1708, 4.3801, 4.2736, 4.2911, 4.6299, 4.3138, 4.6203, 4.2232, 4.3262, 4.4959, 4.7361, 4.4722, 4.6883, 4.4920, 4.6732, 4.4363, 4.5959, 4.7080, 4.7623, 4.6882, 4.7214, 4.7382, 5.0185, 4.7199, 4.9514, 4.8914, 4.9906, 4.7263, 4.9164], 'test_loss': [0.022556276679039002, 0.021606421661376954, 0.02093752510547638, 0.02058372811079025, 0.020195348596572876, 0.019703253698349, 0.0193513694524765, 0.01899812078475952, 0.018713239991664885, 0.018242598128318785, 0.017870100057125093, 0.017911967217922212, 0.01768625555038452, 0.017276108956336977, 0.017073568367958068, 0.016931597852706908, 0.016669729459285736, 0.016471369791030883, 0.016491058921813965, 0.01613657832145691, 0.0160128320813179, 0.01611780240535736, 0.015990101408958436, 0.015735183453559877, 0.015612180590629578, 0.015597377145290374, 0.015367890095710754, 0.015551920163631439, 0.015249975419044494, 0.015338130724430084, 0.015127131152153014, 0.015027451610565186, 0.015130075466632843, 0.014918447184562682, 0.014804130351543427, 0.014786732530593871, 0.014750251078605652, 0.014665390384197235, 0.014609197866916656, 0.014699951243400573, 0.014358293914794922, 0.014337645983695984, 0.014334197998046874, 0.014305231428146362, 0.01418077619075775, 0.01420326896905899, 0.014242104756832123, 0.014160890328884125, 0.014077371633052825, 0.014060516452789306], 'test_acc': [0.1774, 0.2196, 0.2506, 0.2547, 0.2877, 0.2969, 0.3037, 0.3291, 0.3396, 0.339, 0.3611, 0.3535, 0.3667, 0.3738, 0.3857, 0.3915, 0.3925, 0.4068, 0.4039, 0.4106, 0.4095, 0.4199, 0.4235, 0.4296, 0.4268, 0.4352, 0.4398, 0.4383, 0.4482, 0.4416, 0.4456, 0.4507, 0.4469, 0.4623, 0.4625, 0.4667, 0.4751, 0.4697, 0.4778, 0.4739, 0.4844, 0.4847, 0.4833, 0.4832, 0.4914, 0.4871, 0.4868, 0.4931, 0.4903, 0.4848]}",0.5,False
0,rSGD,cnn,50,100,0.1,cifar10,False,2,5,10,0.001,"{'train_loss': [0.05175657124921679, 0.04866476381719112, 0.04884010917222127, 0.03878741792893037, 0.037526266774758704, 0.03615688676293707, 0.03974165898118168, 0.0333819934866461, 0.035147312426343565, 0.047951227406188845, 0.027331507642907087, 0.043764342842679466, 0.04077509890243645, 0.04281387278586626, 0.041579509443629065, 0.04008820202379487, 0.03744051563329297, 0.04285944605845958, 0.030992210107683205, 0.03696012280438096, 0.040416543479375545, 0.03835144952490926, 0.027925685844842812, 0.03073405689203414, 0.03019389035702217, 0.040836143365502356, 0.02981367097360082, 0.028514773832433858, 0.03213683092864929, 0.04181555562794208, 0.03222270818755031, 0.01843643726417562, 0.028089440856673753, 0.033762424588948486, 0.02839448303479934, 0.025689044687664135, 0.023900919260839, 0.03155365066414932, 0.033500626350934606, 0.026751727394252085, 0.022812291055396196, 0.02776369376528077, 0.023217680751972364, 0.021380898123563967, 0.03275136651709676, 0.025837007109820842, 0.03059520424023271, 0.028796912577152244, 0.026555582020804287, 0.024278520973736888], 'avg_dist': [241.9062, 239.0100, 191.3235, 246.3255, 197.2477, 189.7738, 256.1866, 236.3684, 284.0192, 260.4238, 235.0937, 240.4435, 241.3208, 275.4997, 260.2386, 288.8203, 280.9751, 265.3908, 235.8968, 275.5192, 262.1017, 300.5873, 235.9319, 264.1827, 309.0063, 332.5963, 322.7568, 290.8539, 327.5208, 321.5315, 349.1054, 260.4903, 255.8315, 353.3027, 329.3824, 291.4330, 286.8541, 277.4213, 330.8716, 326.3944, 373.7617, 360.3207, 340.8669, 283.3284, 390.4081, 378.3745, 409.7151, 413.5932, 362.7116, 290.6087], 'test_loss': [0.02281388440132141, 0.02274895362854004, 0.022779669976234436, 0.0226961993932724, 0.02225445349216461, 0.022469950652122497, 0.02241217827796936, 0.02269221110343933, 0.022493183875083922, 0.02274935965538025, 0.022474094915390014, 0.022338153791427614, 0.022459692668914795, 0.022554686403274536, 0.022539542698860167, 0.022409889554977417, 0.02227990312576294, 0.02280110332965851, 0.022484081077575685, 0.02251440064907074, 0.022506862998008727, 0.022423464369773865, 0.022285880732536317, 0.02182893166542053, 0.022372325563430787, 0.022580011796951294, 0.022097380685806273, 0.021970515131950377, 0.022269640898704528, 0.022675663900375367, 0.021800661182403563, 0.02213270790576935, 0.021820069479942323, 0.02241868977546692, 0.02266629011631012, 0.022355460524559022, 0.022140159869194032, 0.02268166420459747, 0.022555098843574525, 0.023092622900009154, 0.023045847773551943, 0.022529522371292115, 0.02258054256439209, 0.02261256721019745, 0.022341292929649353, 0.022405761885643007, 0.02204243230819702, 0.022604771041870118, 0.02190163161754608, 0.02194626085758209], 'test_acc': [0.1702, 0.1679, 0.106, 0.1682, 0.1925, 0.1354, 0.2052, 0.1883, 0.1881, 0.2099, 0.1907, 0.2393, 0.2086, 0.1853, 0.2345, 0.191, 0.2248, 0.1073, 0.1656, 0.1597, 0.1509, 0.2369, 0.1892, 0.2192, 0.1304, 0.1743, 0.2023, 0.2026, 0.1635, 0.2059, 0.2196, 0.1758, 0.2592, 0.1446, 0.1423, 0.118, 0.1803, 0.1037, 0.1184, 0.1, 0.1282, 0.1909, 0.1619, 0.1596, 0.1521, 0.1884, 0.1961, 0.1497, 0.1772, 0.176]}",0.001,False
0,rSGD,cnn,50,100,0.1,cifar10,False,2,5,10,0.001,"{'train_loss': [0.04512705006540753, 0.050983582578469064, 0.05401502839803694, 0.03145332407670095, 0.04501497557316441, 0.042623746519125996, 0.038536700217919426, 0.051309165606368334, 0.032348439206765035, 0.03956771922333632, 0.035834252645205705, 0.03981632209245116, 0.031172434013104072, 0.03673678004814312, 0.04218360161987133, 0.027932419754229488, 0.040086735596656806, 0.033882758601643144, 0.03318992319481447, 0.02686311045635492, 0.024413179275929, 0.03594489911091514, 0.03271748630581424, 0.04186884577810764, 0.03206449267923832, 0.03641403844937682, 0.03359272890716791, 0.03443482233468444, 0.021578992529450915, 0.03886894057898317, 0.03913918020125478, 0.022546131484345536, 0.031563134104460475, 0.034129159054718916, 0.03908725740456488, 0.031223570028943937, 0.028343594140727076, 0.023919106590244918, 0.028862743689501657, 0.040242498010843994, 0.03106682890193536, 0.026389839057158675, 0.03256840592792258, 0.02520344985183794, 0.029416381485760208, 0.03024223778948188, 0.025779691215492784, 0.02573691493648104, 0.024485378511589953, 0.029273022992424663], 'avg_dist': [93.3166, 88.8904, 102.0998, 75.2632, 86.8993, 88.5281, 92.5964, 87.8299, 86.8922, 91.7793, 75.1524, 98.7915, 69.6187, 92.4907, 88.0813, 71.9027, 110.7290, 96.3839, 94.5120, 83.4081, 90.5836, 93.3966, 87.1491, 109.2358, 108.6241, 109.1375, 103.7430, 109.0449, 75.3118, 90.8622, 108.9566, 85.0860, 107.9439, 116.3849, 119.3466, 104.2447, 99.9024, 96.5597, 106.1765, 122.4502, 116.4197, 94.2624, 135.8681, 112.2723, 123.9627, 130.7175, 110.0584, 124.3171, 91.9159, 118.5021], 'test_loss': [0.022870050024986266, 0.0225111834526062, 0.022196242499351503, 0.022320232367515565, 0.022202683806419373, 0.021889018368721008, 0.021151567339897155, 0.02165963785648346, 0.021482847237586974, 0.021545056796073915, 0.021567660021781922, 0.02129302794933319, 0.02088309634923935, 0.020870034193992616, 0.021136953675746917, 0.02048208862543106, 0.020691788613796235, 0.02117502360343933, 0.020495742547512054, 0.021397216367721558, 0.020096011340618135, 0.020310864436626434, 0.020389052736759186, 0.021873645329475402, 0.021368522262573242, 0.021282722520828246, 0.021173223757743834, 0.021626384449005127, 0.020681259167194366, 0.021159678733348848, 0.02070215196609497, 0.020486407458782194, 0.021192395508289337, 0.021389966797828674, 0.02062094029188156, 0.02108814045190811, 0.020447227334976198, 0.01998344601392746, 0.020608739984035493, 0.020270226442813875, 0.02064958313703537, 0.023059842777252197, 0.023295445322990417, 0.019836791372299194, 0.020121555733680727, 0.020516499757766725, 0.02011327874660492, 0.02260205920934677, 0.019982555770874023, 0.020355942738056184], 'test_acc': [0.1105, 0.1963, 0.1639, 0.1392, 0.1776, 0.2279, 0.2532, 0.2615, 0.2263, 0.2245, 0.2028, 0.2483, 0.2143, 0.2078, 0.2157, 0.2211, 0.2717, 0.2575, 0.2496, 0.2101, 0.2795, 0.3204, 0.2706, 0.1827, 0.239, 0.2086, 0.2484, 0.2, 0.2784, 0.2199, 0.2882, 0.2061, 0.2263, 0.2176, 0.239, 0.21, 0.28, 0.2433, 0.1558, 0.3115, 0.2899, 0.1832, 0.1228, 0.3171, 0.2607, 0.2165, 0.2807, 0.2026, 0.2414, 0.2362]}",0.005,False
0,rSGD,cnn,50,100,0.1,cifar10,False,2,5,10,0.001,"{'train_loss': [0.058896366747021665, 0.05174007107313722, 0.04699336861975491, 0.04008243973443285, 0.04255385900177992, 0.05141415540127083, 0.048944232612997296, 0.04280477351077833, 0.038429133940767496, 0.043165312382495026, 0.053734472507536414, 0.04651466003408655, 0.04185696731457487, 0.05054534432664515, 0.048969617845714096, 0.03887104601527564, 0.03624762492471374, 0.05398195917665958, 0.024716412349697202, 0.046808637347966434, 0.04229675000429153, 0.044713298519551754, 0.03105868400547654, 0.03473275327220558, 0.03446057737898081, 0.03953930124506354, 0.028952200529202825, 0.029350067595392472, 0.04087264690518379, 0.03178551194674335, 0.03317971181275324, 0.04070149590596557, 0.0382317351985816, 0.03241063613161445, 0.04446788421660662, 0.027928301171567294, 0.04668318691134453, 0.04022066093004308, 0.02868125763067044, 0.03912944533765316, 0.03469014660377055, 0.030720654167635364, 0.03733293210297823, 0.03683063063949346, 0.027393416723730045, 0.04164636355862021, 0.032599372388534255, 0.0327956171810627, 0.02778175899024122, 0.04178639464790933], 'avg_dist': [68.7117, 61.0450, 56.1612, 42.5149, 49.1241, 47.7031, 62.2343, 47.7900, 53.9042, 56.1258, 55.7061, 44.4110, 52.8907, 57.5069, 59.8113, 50.5874, 52.9396, 59.2595, 48.2867, 61.5682, 60.5143, 66.6850, 56.6559, 50.6139, 48.0927, 59.4021, 55.9534, 51.7101, 64.7562, 53.6566, 63.0548, 59.6062, 66.8864, 61.8807, 71.2647, 55.5291, 77.8959, 58.8428, 57.7136, 69.8346, 62.9220, 53.1568, 77.4387, 69.1863, 64.4345, 71.2187, 60.7540, 64.9818, 62.4130, 69.7707], 'test_loss': [0.023315362381935118, 0.02238678197860718, 0.02246710515022278, 0.02238390474319458, 0.023602787733078005, 0.021989797401428222, 0.021615677094459534, 0.02177472047805786, 0.020802352130413055, 0.02063216676712036, 0.02079347059726715, 0.02070429711341858, 0.020680350053310394, 0.020031527078151704, 0.021460413908958434, 0.021528209257125855, 0.02016899836063385, 0.020779940950870514, 0.019321016442775726, 0.019489107275009156, 0.01988006372451782, 0.021080537962913513, 0.020679111313819887, 0.021538029313087462, 0.01891823284626007, 0.02033668564558029, 0.020278281712532042, 0.019697514629364015, 0.02163188489675522, 0.021099885404109956, 0.020815590381622315, 0.020606924760341646, 0.020391743123531342, 0.02137915976047516, 0.021662098920345308, 0.021576553440093994, 0.020277446579933165, 0.020180042672157287, 0.0208311203122139, 0.01866682733297348, 0.019584290504455565, 0.019004279482364654, 0.01942627878189087, 0.020058418786525728, 0.018979888546466827, 0.019310536074638368, 0.01923565537929535, 0.01936206685304642, 0.018722779738903045, 0.01914546980857849], 'test_acc': [0.1818, 0.2044, 0.1902, 0.1423, 0.1693, 0.1745, 0.1803, 0.2285, 0.2381, 0.2406, 0.2156, 0.2538, 0.2074, 0.2341, 0.1797, 0.1828, 0.2961, 0.2554, 0.3261, 0.3459, 0.2645, 0.2303, 0.2721, 0.2178, 0.3121, 0.3017, 0.26, 0.3363, 0.228, 0.2453, 0.2623, 0.2541, 0.2708, 0.2362, 0.2062, 0.2203, 0.2533, 0.276, 0.2376, 0.3112, 0.2854, 0.3165, 0.2738, 0.2681, 0.3064, 0.3416, 0.3348, 0.3229, 0.3249, 0.2926]}",0.01,False
0,rSGD,cnn,50,100,0.1,cifar10,False,2,5,10,0.001,"{'train_loss': [0.07395193724811076, 0.0688281105709076, 0.05495775689154864, 0.05086276818040758, 0.04557142922896892, 0.05203294621698558, 0.05367128474123776, 0.05760878650158644, 0.03254038435332477, 0.06635334141522646, 0.05653449561536313, 0.06063107382535934, 0.034930355981606986, 0.04782251897174865, 0.04812559465907514, 0.04364654964093119, 0.03625004777653142, 0.054008757794201376, 0.054485653811693194, 0.04385955841600894, 0.05134153595149517, 0.041826730162464076, 0.043484754216726866, 0.03487712526351214, 0.0487953744328022, 0.0466426794359088, 0.05167608416538686, 0.04118578647265211, 0.03980754912137985, 0.029746947798673068, 0.04125794367104768, 0.04021572401845827, 0.048037670055031775, 0.03996194149978459, 0.03866616722937673, 0.041748552901074286, 0.03237017557775602, 0.033948497962765396, 0.038732862378060826, 0.041050403900146484, 0.0339698612266779, 0.03834784740377217, 0.0399508480694145, 0.04574831227585673, 0.030213532284963873, 0.03600801766827703, 0.03774012616686523, 0.037502708081603046, 0.03759588519155979, 0.03712359058188274], 'avg_dist': [21.3332, 21.2160, 15.1682, 15.4527, 15.5966, 15.4482, 15.5248, 17.6664, 11.3853, 14.2320, 16.0130, 16.6042, 11.2702, 11.8726, 14.0261, 12.5970, 11.8622, 13.1534, 14.5184, 15.8594, 11.9548, 13.9185, 14.0629, 11.1133, 13.6370, 13.2897, 12.0963, 13.7179, 12.7956, 11.2577, 13.1084, 13.3731, 13.6744, 12.7985, 13.0929, 13.3058, 10.2954, 13.3473, 12.8979, 13.8988, 12.1157, 12.0666, 12.6823, 14.2363, 10.9239, 12.6562, 12.4858, 11.8981, 12.1330, 12.8141], 'test_loss': [0.02316881320476532, 0.022686781787872316, 0.02589291076660156, 0.02277670361995697, 0.02187503707408905, 0.021622345745563508, 0.023106602931022645, 0.02467180049419403, 0.022697843503952025, 0.022969957518577576, 0.021786973083019256, 0.021519648897647858, 0.02092195727825165, 0.027381906461715698, 0.022967207396030427, 0.02223006364107132, 0.020462807476520538, 0.022231465828418732, 0.020113795077800752, 0.019981851840019226, 0.019765874886512755, 0.019542188107967377, 0.019995113837718962, 0.021354372239112854, 0.020808654570579527, 0.02394073269367218, 0.021924506855010985, 0.021565245354175568, 0.02060286536216736, 0.02121357238292694, 0.024477329099178314, 0.022405551660060884, 0.023144814026355744, 0.023265984606742857, 0.02091343992948532, 0.019996231949329375, 0.018781798684597017, 0.02300118417739868, 0.022210997486114503, 0.022657786512374878, 0.019741893124580384, 0.018871621572971346, 0.018864019548892975, 0.02449621579647064, 0.02039427969455719, 0.020424113953113558, 0.02047469514608383, 0.021113013517856598, 0.019513949573040007, 0.021870024740695954], 'test_acc': [0.1631, 0.1506, 0.1658, 0.1733, 0.195, 0.2242, 0.1875, 0.1781, 0.2509, 0.1905, 0.1864, 0.2571, 0.2307, 0.1092, 0.2369, 0.1933, 0.1971, 0.1934, 0.2272, 0.2632, 0.2918, 0.3407, 0.3359, 0.2653, 0.2721, 0.1817, 0.2314, 0.2763, 0.2502, 0.276, 0.2721, 0.2459, 0.2413, 0.238, 0.26, 0.266, 0.3193, 0.2646, 0.2306, 0.2885, 0.3676, 0.3022, 0.2964, 0.2082, 0.2465, 0.3192, 0.2759, 0.2487, 0.3262, 0.2237]}",0.05,False
0,rSGD,cnn,50,100,0.1,cifar10,False,2,5,10,0.001,"{'train_loss': [0.0704084952905774, 0.06227485643401742, 0.07516718566536904, 0.06664127838969229, 0.05667336416490376, 0.05590096224859357, 0.06908946947872638, 0.0561414201760292, 0.051843333001285796, 0.06301872950434687, 0.048024930333308874, 0.05058191540509462, 0.04552407730247825, 0.05742622558526696, 0.05332250888168812, 0.05221410584285856, 0.049088339822292326, 0.044493457469865674, 0.051354075091332205, 0.05325971049517392, 0.05138668210193516, 0.04160055167980491, 0.035475309119783346, 0.047205310678742826, 0.04660549158707261, 0.04232851453423501, 0.03681374200059101, 0.04186977781116962, 0.038317097848355776, 0.04410329708926379, 0.05656862957358359, 0.05089643483385444, 0.036282698986791075, 0.04027140705013648, 0.03953553714048118, 0.0429660387835838, 0.04819961737900973, 0.044097723083160824, 0.04061010866194963, 0.046251819701790806, 0.046590663118213416, 0.04086315506748855, 0.04407469260156154, 0.047176951820347465, 0.04922745015459136, 0.03871233446132392, 0.04855663372635841, 0.038749657755792144, 0.04853558833301068, 0.030958411513157192], 'avg_dist': [11.4925, 11.2600, 10.1717, 11.0899, 6.8673, 8.1132, 8.6115, 7.8111, 8.7299, 8.8877, 7.0872, 8.3170, 6.5721, 8.1122, 7.3318, 5.9600, 7.6488, 6.1592, 7.4008, 6.3538, 7.1639, 6.2818, 5.2962, 6.6540, 7.2990, 5.9096, 5.3544, 5.2706, 5.6214, 6.1564, 6.7644, 6.9164, 5.7565, 5.7653, 5.4317, 5.9750, 6.4783, 5.8261, 5.9708, 6.2493, 6.8348, 5.2815, 6.3939, 6.5704, 6.0784, 5.7485, 6.1802, 6.3756, 6.5572, 4.9215], 'test_loss': [0.02394772982597351, 0.023839954257011412, 0.02542184886932373, 0.023847142839431762, 0.024877343559265137, 0.023726322412490845, 0.020494307613372804, 0.021779636263847352, 0.022067014944553376, 0.021434548330307005, 0.023569822263717653, 0.024900539088249206, 0.02396669728755951, 0.019000977981090544, 0.01960192872285843, 0.020008464181423186, 0.02176683317422867, 0.02073570564985275, 0.020623596096038817, 0.01998273949623108, 0.020437413442134858, 0.020448370027542115, 0.021829002869129182, 0.021570221817493438, 0.01982780203819275, 0.023488884389400482, 0.0214044890165329, 0.018958082640171053, 0.017268182170391083, 0.02070689582824707, 0.021946320402622222, 0.022135156989097595, 0.0207320508480072, 0.023337120556831358, 0.02154219753742218, 0.02054045464992523, 0.01865888979434967, 0.01905740224123001, 0.02209564355611801, 0.02330810852050781, 0.02513632187843323, 0.02459137749671936, 0.018024385154247285, 0.019367828607559204, 0.022473799908161163, 0.020649057924747468, 0.02007003184556961, 0.020548332297801973, 0.023641326808929445, 0.01924278506040573], 'test_acc': [0.1133, 0.1486, 0.166, 0.1111, 0.1479, 0.1529, 0.226, 0.226, 0.2225, 0.2329, 0.1859, 0.2016, 0.2429, 0.2926, 0.2834, 0.271, 0.2523, 0.2625, 0.2622, 0.2692, 0.2763, 0.2258, 0.2622, 0.2442, 0.311, 0.2491, 0.2742, 0.289, 0.3704, 0.2311, 0.2716, 0.2213, 0.2849, 0.296, 0.2684, 0.291, 0.3228, 0.3447, 0.2782, 0.1463, 0.2356, 0.2298, 0.3311, 0.2845, 0.2721, 0.2744, 0.3164, 0.2691, 0.197, 0.3144]}",0.1,False
0,rSGD,cnn,50,100,0.1,cifar10,False,2,5,10,0.001,"{'train_loss': [0.09452203321903943, 0.09891109541773796, 0.08204842054903508, 0.07442370796367527, 0.086387435451746, 0.07653454494997858, 0.0611112566794455, 0.07039064421951771, 0.06918093306615948, 0.0705736362080276, 0.07249256026923658, 0.06509695222377776, 0.05849422471247614, 0.064740606213063, 0.07218891447246074, 0.051695872440338145, 0.06436718285948038, 0.059125551934838295, 0.055690788179934024, 0.05326839139260352, 0.04978424100734294, 0.05890076009869575, 0.04242291096560656, 0.05875808160334826, 0.05451775247208775, 0.04791200710937381, 0.06076154605478049, 0.05254640498042107, 0.0549787579227984, 0.06508078364104034, 0.058256639357209206, 0.05303965754978359, 0.052811153979450465, 0.0494811383806169, 0.05584554046861827, 0.06162042643636465, 0.05266491218842566, 0.0576702674548328, 0.05409690828025341, 0.038458666602149603, 0.053377236909568304, 0.045137960606515405, 0.05888284750163556, 0.054701896556913855, 0.04788175997659564, 0.04956145719751716, 0.04557603158663959, 0.043853550085462635, 0.04411091255620121, 0.043564813306927685], 'avg_dist': [4.7352, 3.9072, 3.1279, 2.8622, 2.9643, 2.5088, 2.3494, 2.4606, 2.2547, 2.0568, 2.0851, 2.0546, 1.8418, 1.8456, 1.7461, 1.4644, 1.6364, 1.7456, 1.8573, 1.6518, 1.7022, 1.7819, 1.5028, 1.8439, 1.6727, 1.5641, 1.6841, 1.6234, 1.3936, 1.6938, 1.5867, 1.5614, 1.5025, 1.3626, 1.5898, 1.5462, 1.7024, 1.4236, 1.3090, 1.1426, 1.4877, 1.1791, 1.5438, 1.3567, 1.3906, 1.3635, 1.2879, 1.1675, 1.1038, 1.3491], 'test_loss': [0.023453166007995605, 0.024042827248573304, 0.025788849806785582, 0.02800476188659668, 0.02638652243614197, 0.023657401752471923, 0.023957249903678896, 0.03074992022514343, 0.025069278621673585, 0.02146621949672699, 0.02328034918308258, 0.022623772644996643, 0.02080750241279602, 0.021968318939208985, 0.02080126110315323, 0.022916382551193236, 0.02607203447818756, 0.025110202383995056, 0.024158867454528807, 0.023295446085929872, 0.02379714357852936, 0.020013109588623047, 0.021043971931934358, 0.021567396461963654, 0.01932632827758789, 0.01963787040710449, 0.019871368992328643, 0.025923746156692504, 0.020808920347690583, 0.020200551056861877, 0.02337935678958893, 0.02144883584976196, 0.0213528444647789, 0.022148619997501375, 0.020310842072963714, 0.019640535473823547, 0.0198923694729805, 0.020853477144241333, 0.022306899225711822, 0.022017133951187134, 0.0200118439912796, 0.02093531346321106, 0.02159196039438248, 0.021089758145809174, 0.022972264885902406, 0.019148233902454376, 0.020493950486183167, 0.02120118956565857, 0.02167849005460739, 0.02263923623561859], 'test_acc': [0.1002, 0.1093, 0.1031, 0.1114, 0.1411, 0.1387, 0.1523, 0.1151, 0.1782, 0.1661, 0.1645, 0.1955, 0.2468, 0.1553, 0.216, 0.2391, 0.1735, 0.1783, 0.2022, 0.2178, 0.1898, 0.2697, 0.209, 0.2076, 0.3082, 0.2388, 0.2299, 0.2138, 0.2361, 0.2284, 0.1918, 0.203, 0.2514, 0.1803, 0.2037, 0.2358, 0.2604, 0.2128, 0.206, 0.2161, 0.1981, 0.2532, 0.2751, 0.2259, 0.1873, 0.3032, 0.2729, 0.2445, 0.2331, 0.2257]}",0.5,False
